index,대학코드,국가,대학명,파견구분,협정형태,NUM_VISITS,BERT_SUM,RNN_SUM,href,BERT_AVG,RNN_AVG,BERT_PLUS_RNN_SCORE
361,SE000003,SWEDEN,Kristianstad University,교환학생,교환대학,49.0,47.0,39.3415404856205,/partner/expReport.asp?ucode=SE000003&bgbn=A,0.9591836734693877,0.8028885813391938,0.9122951458303294
547,US000104,UNITED STATES,Maryville College,교환학생,교환대학,28.0,27.0,21.112274765968323,/partner/expReport.asp?ucode=US000104&bgbn=A,0.9642857142857143,0.7540098130702972,0.9012029439210891
34,AT000009,AUSTRIA,University of Vienna,교환학생,교환대학,20.0,20.0,13.028918445110321,/partner/expReport.asp?ucode=AT000009&bgbn=A,1.0,0.651445922255516,0.8954337766766547
539,US000096,UNITED STATES,Linfield College,교환학생,교환대학,51.0,50.0,35.07753622531891,/partner/expReport.asp?ucode=US000096&bgbn=A,0.9803921568627451,0.6877948279474296,0.8926129581881503
168,DE000017,GERMANY,Humboldt-Universitat zu Berlin,교환학생,교환대학,28.0,27.0,19.999718010425568,/partner/expReport.asp?ucode=DE000017&bgbn=A,0.9642857142857143,0.7142756432294846,0.8892826929688453
369,SE000011,SWEDEN,University of Gothenburg,교환학생,교환대학,28.0,27.0,19.829801857471466,/partner/expReport.asp?ucode=SE000011&bgbn=A,0.9642857142857143,0.7082072091954095,0.8874621627586228
521,US000079,UNITED STATES,Hobart & William Smith College,교환학생,교환대학,28.0,26.0,21.59011882543564,/partner/expReport.asp?ucode=US000079&bgbn=A,0.9285714285714286,0.771075672336987,0.8813227017010961
615,US000168,UNITED STATES,St. Olaf College,교환학생,교환대학,20.0,19.0,14.099125474691391,/partner/expReport.asp?ucode=US000168&bgbn=A,0.95,0.7049562737345696,0.8764868821203708
731,US000273,UNITED STATES,Westminster College,교환학생,교환대학,23.0,21.0,17.890282809734344,/partner/expReport.asp?ucode=US000273&bgbn=A,0.9130434782608695,0.777838383031928,0.8724819496921871
566,US000123,UNITED STATES,New York University - Stern School of Business,교환학생,교환대학,18.0,17.0,12.651913166046143,/partner/expReport.asp?ucode=US000123&bgbn=A,0.9444444444444444,0.7028840647803413,0.8719763305452135
341,ES000001,SPAIN,ESADE,교환학생,교환대학,24.0,23.0,16.047976911067963,/partner/expReport.asp?ucode=ES000001&bgbn=A,0.9583333333333334,0.6686657046278318,0.8714330447216828
320,NZ000004,NEW ZEALAND,University of Otago,교환학생,교환대학,14.0,13.0,10.308277785778046,/partner/expReport.asp?ucode=NZ000004&bgbn=A,0.9285714285714286,0.7363055561270032,0.870891666838101
27,AT000001,AUSTRIA,FH Kufstein Tirol University of Applied Sciences,교환학생,교환대학,40.0,36.0,31.848505318164825,/partner/expReport.asp?ucode=AT000001&bgbn=A,0.9,0.7962126329541206,0.8688637898862361
166,DE000003,GERMANY,Freie Universitat Berlin,교환학생,교환대학,49.0,45.0,36.71399915218353,/partner/expReport.asp?ucode=DE000003&bgbn=A,0.9183673469387755,0.7492652888200722,0.8676367295031644
667,US000214,UNITED STATES,University of Miami,교환학생,교환대학,12.0,11.0,9.031297266483307,/partner/expReport.asp?ucode=US000214&bgbn=A,0.9166666666666666,0.7526081055402756,0.8674490983287493
480,US000022,UNITED STATES,CSU Chico,교환학생,교환대학,21.0,19.0,16.284026086330414,/partner/expReport.asp?ucode=US000022&bgbn=A,0.9047619047619048,0.7754298136347816,0.8659622774237677
120,FI000007,FINLAND,University of Helsinki,교환학생,교환대학ISEP,30.0,28.0,20.996371388435364,/partner/expReport.asp?ucode=FI000007&bgbn=A,0.9333333333333333,0.6998790462811788,0.863297047217687
208,IE000002,IRELAND,Dublin Institute of Technology,교환학생,교환대학,24.0,22.0,17.512728452682495,/partner/expReport.asp?ucode=IE000002&bgbn=A,0.9166666666666666,0.7296970188617706,0.8605757723251978
421,GB000041,UNITED KINGDOM,University of Leeds,,교환대학ISEP,12.0,11.0,8.74409931898117,/partner/expReport.asp?ucode=GB000041&bgbn=A,0.9166666666666666,0.7286749432484309,0.8602691496411958
610,US000163,UNITED STATES,St. Cloud State University,교환학생방문학생SAP(정규),교환대학,86.0,80.0,59.523070484399796,/partner/expReport.asp?ucode=US000163&bgbn=A,0.9302325581395349,0.6921287265627883,0.8588014086665109
342,ES000002,SPAIN,La Universidad de Rey Juan Carlos,교환학생,USAC,39.0,36.0,27.61008596420288,/partner/expReport.asp?ucode=ES000002&bgbn=A,0.9230769230769231,0.7079509221590482,0.8585391228015606
371,SE000010,SWEDEN,Uppsala University,교환학생,교환대학,36.0,32.0,27.968223303556442,/partner/expReport.asp?ucode=SE000010&bgbn=A,0.8888888888888888,0.7768950917654567,0.8552907497518591
687,US000284,UNITED STATES,University of Pittsburgh,교환학생,교환대학,22.0,20.0,15.796089231967926,/partner/expReport.asp?ucode=US000284&bgbn=A,0.9090909090909091,0.7180040559985421,0.8517648531631989
511,US000070,UNITED STATES,George Mason University,교환학생,교환대학,93.0,83.0,70.36242890357971,/partner/expReport.asp?ucode=US000070&bgbn=A,0.8924731182795699,0.7565852570277388,0.8517067599040204
676,US000223,UNITED STATES,University of North Carolina at Chapel Hill,교환학생,교환대학ISEP,63.0,56.0,47.396314680576324,/partner/expReport.asp?ucode=US000223&bgbn=A,0.8888888888888888,0.7523224552472433,0.8479189587963951
215,IL000001,ISRAEL,The Hebrew University of Jerusalem,교환학생,교환대학,15.0,14.0,9.695711225271225,/partner/expReport.asp?ucode=IL000001&bgbn=A,0.9333333333333333,0.646380748351415,0.8472475578387578
552,US000109,UNITED STATES,Middle Tennessee State University,교환학생,교환대학,19.0,17.0,13.812995791435242,/partner/expReport.asp?ucode=US000109&bgbn=A,0.8947368421052632,0.7269997784965917,0.8444157230226617
533,US000090,UNITED STATES,James Madison University,교환학생,교환대학,18.0,16.0,13.021862238645554,/partner/expReport.asp?ucode=US000090&bgbn=A,0.8888888888888888,0.7234367910358641,0.8392532595329814
728,US000271,UNITED STATES,Western Kentucky University,교환학생,교환대학,20.0,17.0,16.276685535907745,/partner/expReport.asp?ucode=US000271&bgbn=A,0.85,0.8138342767953872,0.8391502830386162
111,DK000003,DENMARK,University of Copenhagen,교환학생,교환대학,72.0,65.0,49.14911192655563,/partner/expReport.asp?ucode=DK000003&bgbn=A,0.9027777777777778,0.6826265545354949,0.8367324108050929
561,US000118,UNITED STATES,Muskingum College,교환학생,교환대학,17.0,16.0,10.07533198595047,/partner/expReport.asp?ucode=US000118&bgbn=A,0.9411764705882353,0.5926665874088511,0.83662350563442
601,US000037,UNITED STATES,San Francisco State University,교환학생,교환대학,67.0,60.0,46.72753405570984,/partner/expReport.asp?ucode=US000037&bgbn=A,0.8955223880597015,0.697425881428505,0.8360934360703426
367,SE000007,SWEDEN,Stockholm School of Economics,교환학생,교환대학,19.0,17.0,13.140793055295944,/partner/expReport.asp?ucode=SE000007&bgbn=A,0.8947368421052632,0.6916206871208391,0.8338019956099358
170,DE000006,GERMANY,Leibniz Universitat Hannover,교환학생,교환대학,23.0,20.0,17.230740189552307,/partner/expReport.asp?ucode=DE000006&bgbn=A,0.8695652173913043,0.7491626169370569,0.83344443725503
451,US000014,UNITED STATES,Biola University,교환학생,교환대학,16.0,14.0,11.777379274368286,/partner/expReport.asp?ucode=US000014&bgbn=A,0.875,0.7360862046480179,0.8333258613944052
182,DE000015,GERMANY,University of Erfurt,교환학생,교환대학,27.0,25.0,16.354530036449432,/partner/expReport.asp?ucode=DE000015&bgbn=A,0.9259259259259259,0.6057233346833123,0.8298651485531419
649,US000197,UNITED STATES,University of Chicago,교환학생,교환대학,13.0,12.0,7.81555837392807,/partner/expReport.asp?ucode=US000197&bgbn=A,0.9230769230769231,0.6011967979944669,0.8265128855521863
114,FI000014,FINLAND,Aalto University,교환학생,교환대학,73.0,65.0,49.25960153341293,/partner/expReport.asp?ucode=FI000014&bgbn=A,0.8904109589041096,0.674789062101547,0.8257243898633407
659,US000207,UNITED STATES,University of Illinois at Urbana-Champaign,교환학생,교환대학ISEP,117.0,104.0,79.16307502985,/partner/expReport.asp?ucode=US000207&bgbn=A,0.8888888888888888,0.6766074788876069,0.8252044658885042
311,NL000007,NETHERLANDS,Tilburg University,교환학생,교환대학ISEP,58.0,51.0,40.302020728588104,/partner/expReport.asp?ucode=NL000007&bgbn=A,0.8793103448275862,0.6948624263549673,0.8239759692858005
57,CA000011,CANADA,University of Alberta,교환학생방문학생SAP(정규),교환대학,91.0,82.0,58.574089258909225,/partner/expReport.asp?ucode=CA000011&bgbn=A,0.9010989010989011,0.6436713105374641,0.82387062393047
253,JP000022,JAPAN,Rikkyo University,교환학생,교환대학,31.0,28.0,19.723101645708084,/partner/expReport.asp?ucode=JP000022&bgbn=A,0.9032258064516129,0.6362290853454221,0.8231267901197556
471,US000051,UNITED STATES,College of William & Mary,교환학생,교환대학,29.0,26.0,18.822402387857437,/partner/expReport.asp?ucode=US000051&bgbn=A,0.896551724137931,0.6490483582019806,0.8223007143571458
61,CA000014,CANADA,University of Montreal,교환학생,교환대학,13.0,12.0,7.591848790645599,/partner/expReport.asp?ucode=CA000014&bgbn=A,0.9230769230769231,0.5839883685112,0.8213503567072061
397,GB000029,UNITED KINGDOM,Kingston University,교환학생,교환대학,39.0,34.0,27.38651806116104,/partner/expReport.asp?ucode=GB000029&bgbn=A,0.8717948717948718,0.7022184118246421,0.8209219338038029
318,NZ000002,NEW ZEALAND,University of Auckland,교환학생방문학생SAP(정규),교환대학SAF,39.0,33.0,29.447844982147217,/partner/expReport.asp?ucode=NZ000002&bgbn=A,0.8461538461538461,0.755072948260185,0.8188295767857479
663,US000211,UNITED STATES,University of Maryland at College Park,교환학생,교환대학,67.0,58.0,47.41982728242874,/partner/expReport.asp?ucode=US000211&bgbn=A,0.8656716417910447,0.7077586161556528,0.8182977341004272
629,US000180,UNITED STATES,Towson University,교환학생,교환대학,18.0,15.0,14.019603461027145,/partner/expReport.asp?ucode=US000180&bgbn=A,0.8333333333333334,0.7788668589459525,0.8169933910171191
635,US000185,UNITED STATES,University of Alabama,교환학생,교환대학,19.0,17.0,11.64844834804535,/partner/expReport.asp?ucode=US000185&bgbn=A,0.8947368421052632,0.6130762288444921,0.8102386581270318
321,NZ000005,NEW ZEALAND,University of Waikato,교환학생,교환대학,19.0,16.0,13.92870318889618,/partner/expReport.asp?ucode=NZ000005&bgbn=A,0.8421052631578947,0.7330896415208515,0.8094005766667818
507,US000066,UNITED STATES,Emory University,교환학생,교환대학,49.0,43.0,31.816997081041336,/partner/expReport.asp?ucode=US000066&bgbn=A,0.8775510204081632,0.64932647104166,0.8090836555982122
258,JP000027,JAPAN,Surugadai University,교환학생,교환대학,13.0,11.0,9.352962404489517,/partner/expReport.asp?ucode=JP000027&bgbn=A,0.8461538461538461,0.7194586464991937,0.8081452862574504
697,US000241,UNITED STATES,University of Tennessee Knoxville,교환학생,ISEP,17.0,15.0,10.757086545228958,/partner/expReport.asp?ucode=US000241&bgbn=A,0.8823529411764706,0.632769796778174,0.8074779978569815
620,US000173,UNITED STATES,SUNY at Stony Brook,교환학생,교환대학,66.0,56.0,46.791345834732056,/partner/expReport.asp?ucode=US000173&bgbn=A,0.8484848484848485,0.7089597853747281,0.8066273295518123
337,SG000002,SINGAPORE,National University of Singapore,교환학생,교환대학,101.0,87.0,68.42530804872513,/partner/expReport.asp?ucode=SG000002&bgbn=A,0.8613861386138614,0.67747829751213,0.806213786283342
64,CA000015,CANADA,University of Toronto,교환학생,교환대학,102.0,88.0,68.26574611663818,/partner/expReport.asp?ucode=CA000015&bgbn=A,0.8627450980392157,0.6692720207513547,0.8047031748528574
138,FR000006,FRANCE,Pole ESG-Paris Graduate School of Management,교환학생,교환대학,27.0,22.0,21.046674370765686,/partner/expReport.asp?ucode=FR000006&bgbn=A,0.8148148148148148,0.7795064581765069,0.8042223078233224
496,US000058,UNITED STATES,Dickinson College,교환학생,교환대학,21.0,18.0,14.295178353786469,/partner/expReport.asp?ucode=US000058&bgbn=A,0.8571428571428571,0.6807227787517366,0.804216833625521
446,US000009,UNITED STATES,Baylor University,교환학생,교환대학,48.0,43.0,28.219400882720947,/partner/expReport.asp?ucode=US000009&bgbn=A,0.8958333333333334,0.5879041850566864,0.8034545888503393
704,US000248,UNITED STATES,University of Vermont,교환학생,ISEPSAF,13.0,11.0,9.149394512176514,/partner/expReport.asp?ucode=US000248&bgbn=A,0.8461538461538461,0.7037995778597318,0.8034475656656118
438,US000003,UNITED STATES,American University,교환학생방문학생SAP(정규),교환대학SAF,113.0,93.0,85.56673896312714,/partner/expReport.asp?ucode=US000003&bgbn=A,0.8230088495575221,0.7572277784347534,0.8032745282206913
512,US000071,UNITED STATES,George Washington University,교환학생,교환대학,39.0,32.0,29.75106179714203,/partner/expReport.asp?ucode=US000071&bgbn=A,0.8205128205128205,0.7628477383882571,0.8032132958754514
688,US000232,UNITED STATES,University of Richmond,교환학생SAP(정규),교환대학SAF,28.0,23.0,21.233281135559082,/partner/expReport.asp?ucode=US000232&bgbn=A,0.8214285714285714,0.75833146912711,0.802499440738133
359,SE000001,SWEDEN,Jonkoping International Business School,교환학생,교환대학,47.0,40.0,32.26872792840004,/partner/expReport.asp?ucode=SE000001&bgbn=A,0.851063829787234,0.6865686793276604,0.8017152846493619
255,JP000024,JAPAN,Ritsumeikan University,교환학생,교환대학,18.0,15.0,13.031594455242157,/partner/expReport.asp?ucode=JP000024&bgbn=A,0.8333333333333334,0.7239774697356753,0.800526574254036
7,AU000001,AUSTRALIA,Bond University,교환학생,교환대학,19.0,16.0,13.359808802604675,/partner/expReport.asp?ucode=AU000001&bgbn=A,0.8421052631578947,0.7031478317160356,0.8004180337253369
275,LT000001,LITHUANIA,Kaunas University of Technology,교환학생,교환대학,35.0,29.0,25.665372490882874,/partner/expReport.asp?ucode=LT000001&bgbn=A,0.8285714285714286,0.7332963568823678,0.7999889070647103
409,GB000005,UNITED KINGDOM,University of Brighton,교환학생,USAC,41.0,35.0,27.6363767683506,/partner/expReport.asp?ucode=GB000005&bgbn=A,0.8536585365853658,0.6740579699597707,0.7997783665976873
119,FI000013,FINLAND,University of Eastern Finland,교환학생,교환대학,38.0,31.0,28.936879217624664,/partner/expReport.asp?ucode=FI000013&bgbn=A,0.8157894736842105,0.7614968215164385,0.7995016780338788
526,US000083,UNITED STATES,Illinois Institute of Technology,방문학생SAP(정규),,17.0,15.0,10.133790135383606,/partner/expReport.asp?ucode=US000083&bgbn=A,0.8823529411764706,0.5961053020813886,0.7964786494479459
99,CN000020,CHINA,Zhejiang Normal University,교환학생,교환대학,37.0,31.0,25.689673364162445,/partner/expReport.asp?ucode=CN000020&bgbn=A,0.8378378378378378,0.6943154963287147,0.7947811353851009
309,NL000006,NETHERLANDS,Saxion University,교환학생,교환대학,32.0,26.0,24.10100680589676,/partner/expReport.asp?ucode=NL000006&bgbn=A,0.8125,0.7531564626842737,0.794696938805282
9,AU000003,AUSTRALIA,Curtin University of Technology,교환학생,,16.0,14.0,9.696669936180115,/partner/expReport.asp?ucode=AU000003&bgbn=A,0.875,0.6060418710112572,0.794312561303377
668,US000215,UNITED STATES,University of Michigan,교환학생,교환대학,38.0,32.0,25.93419176340103,/partner/expReport.asp?ucode=US000215&bgbn=A,0.8421052631578947,0.6824787306158167,0.7942173033952713
425,GB000017,UNITED KINGDOM,University of Sheffield,교환학생,교환대학,89.0,76.0,58.18052613735199,/partner/expReport.asp?ucode=GB000017&bgbn=A,0.8539325842696629,0.6537137768241796,0.7938669420360179
570,US000127,UNITED STATES,North Central College,교환학생,교환대학,22.0,19.0,13.805211812257767,/partner/expReport.asp?ucode=US000127&bgbn=A,0.8636363636363636,0.6275096278298985,0.7927983428944241
303,NL000001,NETHERLANDS,"Erasmus University, Rotterdam",교환학생,교환대학,56.0,46.0,40.535025000572205,/partner/expReport.asp?ucode=NL000001&bgbn=A,0.8214285714285714,0.7238397321530751,0.7921519196459225
407,GB000036,UNITED KINGDOM,University of Bath,교환학생,교환대학,12.0,10.0,8.34754341840744,/partner/expReport.asp?ucode=GB000036&bgbn=A,0.8333333333333334,0.69562861820062,0.7920219187935194
325,NO000003,NORWAY,University of Oslo,교환학생,교환대학USAC,75.0,62.0,53.145104825496674,/partner/expReport.asp?ucode=NO000003&bgbn=A,0.8266666666666667,0.708601397673289,0.7912470859686533
654,US000202,UNITED STATES,University of Georgia,교환학생,교환대학,74.0,61.0,52.68645402789116,/partner/expReport.asp?ucode=US000202&bgbn=A,0.8243243243243243,0.7119791084850157,0.7906207595725318
35,AT000006,AUSTRIA,Vienna University of Economics and Business,교환학생,교환대학,44.0,35.0,34.2231670320034,/partner/expReport.asp?ucode=AT000006&bgbn=A,0.7954545454545454,0.77779925072735,0.7901579570363868
600,US000040,UNITED STATES,San Diego State University,교환학생SAP(정규),교환대학ISEP,70.0,59.0,46.31579154729843,/partner/expReport.asp?ucode=US000040&bgbn=A,0.8428571428571429,0.6616541649614062,0.7884962494884218
530,US000087,UNITED STATES,Iowa State University,교환학생,교환대학,17.0,15.0,9.670300453901291,/partner/expReport.asp?ucode=US000087&bgbn=A,0.8823529411764706,0.5688412031706642,0.7882994197747286
588,US000147,UNITED STATES,Purdue University,교환학생방문학생SAP(정규),교환대학SAF,51.0,42.0,35.52003738284111,/partner/expReport.asp?ucode=US000147&bgbn=A,0.8235294117647058,0.6964713212321786,0.7854119846049477
266,JP000034,JAPAN,Waseda University,교환학생,교환대학,39.0,32.0,27.397037595510483,/partner/expReport.asp?ucode=JP000034&bgbn=A,0.8205128205128205,0.7024881434746277,0.7851054174013626
329,PL000002,POLAND,Warsaw School of Economics,교환학생,교환대학,16.0,13.0,11.5161671936512,/partner/expReport.asp?ucode=PL000002&bgbn=A,0.8125,0.7197604496032,0.7846781348809599
418,GB000032,UNITED KINGDOM,University of Hertfordshire,교환학생,교환대학,25.0,20.0,18.69444441795349,/partner/expReport.asp?ucode=GB000032&bgbn=A,0.8,0.7477777767181396,0.7843333330154418
396,GB000026,UNITED KINGDOM,King's College London,교환학생SAP(정규)SAP(계절),교환대학,53.0,43.0,37.6404484808445,/partner/expReport.asp?ucode=GB000026&bgbn=A,0.8113207547169812,0.7101971411480094,0.7809836706462896
709,US000283,UNITED STATES,University of Wisconsin-Madison,교환학생,교환대학,57.0,46.0,40.70910236239433,/partner/expReport.asp?ucode=US000283&bgbn=A,0.8070175438596491,0.7141947782876199,0.7791707141880403
227,IT000007,ITALY,University of Torino,교환학생,USAC,34.0,28.0,22.81263080239296,/partner/expReport.asp?ucode=IT000007&bgbn=A,0.8235294117647058,0.6709597294821459,0.7777585070799378
304,NL000003,NETHERLANDS,Inholland University of Applied Sciences,교환학생,교환대학,46.0,37.0,32.43964037299156,/partner/expReport.asp?ucode=NL000003&bgbn=A,0.8043478260869565,0.7052095733259035,0.7746063502586406
652,US000200,UNITED STATES,University of Connecticut,교환학생,교환대학,33.0,26.0,24.517746448516846,/partner/expReport.asp?ucode=US000200&bgbn=A,0.7878787878787878,0.7429620135914196,0.7744037555925772
129,FR000003,FRANCE,ESCEM (France Business School) Tours-Poitiers,교환학생,교환대학,17.0,13.0,13.512000054121017,/partner/expReport.asp?ucode=FR000003&bgbn=A,0.7647058823529411,0.794823532595354,0.7737411774256648
305,NL000004,NETHERLANDS,Leiden University,교환학생,교환대학,31.0,25.0,21.45569634437561,/partner/expReport.asp?ucode=NL000004&bgbn=A,0.8064516129032258,0.6921192369153423,0.7721519001068606
495,US000057,UNITED STATES,Dartmouth College,,교환대학,14.0,12.0,7.967277646064758,/partner/expReport.asp?ucode=US000057&bgbn=A,0.8571428571428571,0.569091260433197,0.7707273781299591
670,US000217,UNITED STATES,University of Minnesota Twin Cities,교환학생방문학생SAP(정규),ISEPSAF,14.0,11.0,10.263747185468674,/partner/expReport.asp?ucode=US000217&bgbn=A,0.7857142857142857,0.7331247989620481,0.7699374396886144
693,US000237,UNITED STATES,University of South Florida,교환학생,교환대학,69.0,56.0,46.044058591127396,/partner/expReport.asp?ucode=US000237&bgbn=A,0.8115942028985508,0.6673051969728608,0.7683075011208438
656,US000204,UNITED STATES,University of Hawaii at Manoa,교환학생,교환대학,79.0,65.0,50.503442257642746,/partner/expReport.asp?ucode=US000204&bgbn=A,0.8227848101265823,0.6392840792106677,0.7677345908518078
642,US000291,UNITED STATES,University of California Merced,교환학생,교환대학,12.0,10.0,7.368432819843292,/partner/expReport.asp?ucode=US000291&bgbn=A,0.8333333333333334,0.6140360683202744,0.7675441538294157
627,US000233,UNITED STATES,The University of Scranton,교환학생,교환대학,33.0,26.0,23.76008027791977,/partner/expReport.asp?ucode=US000233&bgbn=A,0.7878787878787878,0.7200024326642355,0.767515881314422
121,FI000009,FINLAND,"University of Jyvaskyla, School of Business & Economics",교환학생,교환대학ISEP,28.0,22.0,20.157699435949326,/partner/expReport.asp?ucode=FI000009&bgbn=A,0.7857142857142857,0.7199178369981902,0.765975351099457
664,US000212,UNITED STATES,University of Massachusetts Amherst,교환학생,교환대학,63.0,50.0,44.0998515188694,/partner/expReport.asp?ucode=US000212&bgbn=A,0.7936507936507936,0.6999976431566571,0.7655548485025526
639,US000189,UNITED STATES,University of California Davis,교환학생,교환대학,155.0,124.0,105.91061297059059,/partner/expReport.asp?ucode=US000189&bgbn=A,0.8,0.6832942772296167,0.7649882831688849
494,US000046,UNITED STATES,CUNY - Baruch College,교환학생,교환대학,69.0,55.0,47.05959141254425,/partner/expReport.asp?ucode=US000046&bgbn=A,0.7971014492753623,0.6820230639499166,0.7625779336777285
316,NL000012,NETHERLANDS,Vrije Universiteit Amsterdam,교환학생,교환대학ISEP,22.0,17.0,16.209772378206253,/partner/expReport.asp?ucode=NL000012&bgbn=A,0.7727272727272727,0.7368078353730115,0.7619514415209944
678,US000225,UNITED STATES,University of North Carolina at Greensboro,교환학생,교환대학ISEP,48.0,36.0,37.70690920948982,/partner/expReport.asp?ucode=US000225&bgbn=A,0.75,0.7855606085310379,0.7606681825593113
514,US000073,UNITED STATES,Georgia Institute of Technology,교환학생,교환대학,62.0,48.0,44.93562710285187,/partner/expReport.asp?ucode=US000073&bgbn=A,0.7741935483870968,0.724768179078256,0.7593659375944445
619,US000172,UNITED STATES,SUNY at Albany,교환학생,교환대학,223.0,177.0,150.85559013485909,/partner/expReport.asp?ucode=US000172&bgbn=A,0.7937219730941704,0.6764824669724623,0.7585501212576579
410,GB000006,UNITED KINGDOM,University of Bristol,교환학생방문학생SAP(정규),교환대학SAF,14.0,11.0,9.643553614616394,/partner/expReport.asp?ucode=GB000006&bgbn=A,0.7857142857142857,0.6888252581868853,0.7566475774560655
67,CA000018,CANADA,"University of Western Ontario, Richard Ivey School of Business",교환학생,교환대학,14.0,12.0,7.273669809103012,/partner/expReport.asp?ucode=CA000018&bgbn=A,0.8571428571428571,0.519547843507358,0.7558643530522073
235,JP000007,JAPAN,Hosei University,,교환대학,30.0,24.0,19.54400873184204,/partner/expReport.asp?ucode=JP000007&bgbn=A,0.8,0.6514669577280681,0.7554400873184204
582,US000137,UNITED STATES,Old Dominion University,교환학생,교환대학ISEP,36.0,28.0,25.300504237413406,/partner/expReport.asp?ucode=US000137&bgbn=A,0.7777777777777778,0.7027917843725946,0.7552819797562228
698,US000242,UNITED STATES,University of Texas at Arlington,교환학생,교환대학,58.0,46.0,38.280956119298935,/partner/expReport.asp?ucode=US000242&bgbn=A,0.7931034482758621,0.6600164848154989,0.7531773592377531
52,CA000006,CANADA,McGill University,교환학생,교환대학,41.0,33.0,25.930374085903168,/partner/expReport.asp?ucode=CA000006&bgbn=A,0.8048780487804879,0.6324481484366626,0.7531490786773402
375,CH000005,SWITZERLAND,University of Geneva,교환학생SAP(계절),교환대학,23.0,17.0,18.024733543395996,/partner/expReport.asp?ucode=CH000005&bgbn=A,0.7391304347826086,0.7836840671041737,0.7524965244790781
23,AU000015,AUSTRALIA,University of Sydney,교환학생,교환대학,56.0,44.0,37.41153106093407,/partner/expReport.asp?ucode=AU000015&bgbn=A,0.7857142857142857,0.6680630546595369,0.750418916397861
21,AU000013,AUSTRALIA,University of Queensland,교환학생방문학생SAP(정규),교환대학SAF,61.0,48.0,40.56454849243164,/partner/expReport.asp?ucode=AU000013&bgbn=A,0.7868852459016393,0.6649925982365843,0.7503174516021227
33,AT000007,AUSTRIA,University of Applied Sciences Wiener Neustadt,교환학생,교환대학,13.0,10.0,9.164091885089874,/partner/expReport.asp?ucode=AT000007&bgbn=A,0.7692307692307693,0.7049301450069134,0.7499405819636125
621,US000174,UNITED STATES,Syracuse University,교환학생,교환대학,35.0,27.0,24.32923349738121,/partner/expReport.asp?ucode=US000174&bgbn=A,0.7714285714285715,0.6951209570680346,0.7485362871204104
669,US000216,UNITED STATES,University of Minnesota Morris,교환학생,교환대학,34.0,27.0,21.827039897441864,/partner/expReport.asp?ucode=US000216&bgbn=A,0.7941176470588235,0.6419717616894666,0.7484738814480163
312,NL000008,NETHERLANDS,University of Amsterdam,교환학생,교환대학ISEP,70.0,55.0,46.24957317113876,/partner/expReport.asp?ucode=NL000008&bgbn=A,0.7857142857142857,0.6607081881591252,0.7482124564477375
718,US000261,UNITED STATES,Washington College,교환학생,교환대학,22.0,16.0,17.47792148590088,/partner/expReport.asp?ucode=US000261&bgbn=A,0.7272727272727273,0.7944509766318582,0.7474262020804665
252,JP000021,JAPAN,Osaka University,교환학생,교환대학,26.0,20.0,18.033813059329987,/partner/expReport.asp?ucode=JP000021&bgbn=A,0.7692307692307693,0.6936081945896149,0.7465439968384229
565,US000122,UNITED STATES,New York University,교환학생,교환대학,42.0,33.0,27.090138792991638,/partner/expReport.asp?ucode=US000122&bgbn=A,0.7857142857142857,0.645003304595039,0.7435009913785116
10,AU000004,AUSTRALIA,Deakin University,교환학생,교환대학ISEPUSAC,24.0,18.0,17.425120294094086,/partner/expReport.asp?ucode=AU000004&bgbn=A,0.75,0.7260466789205869,0.742814003676176
249,JP000019,JAPAN,Nanzan University,교환학생,교환대학,12.0,9.0,8.684746384620667,/partner/expReport.asp?ucode=JP000019&bgbn=A,0.75,0.7237288653850555,0.7421186596155166
96,CN000017,CHINA,Wuhan University,교환학생,교환대학,23.0,17.0,17.191001415252686,/partner/expReport.asp?ucode=CN000017&bgbn=A,0.7391304347826086,0.7474348441414211,0.7416217575902523
236,JP000008,JAPAN,International Christian University,교환학생,교환대학,19.0,14.0,14.24680408835411,/partner/expReport.asp?ucode=JP000008&bgbn=A,0.7368421052631579,0.7498317941239006,0.7407390119213806
20,AU000012,AUSTRALIA,University of New South Wales,교환학생,교환대학,44.0,35.0,26.908133655786514,/partner/expReport.asp?ucode=AU000012&bgbn=A,0.7954545454545454,0.6115484921769663,0.7402827294712716
50,CA000004,CANADA,Huron University College,교환학생,교환대학,14.0,11.0,8.858039528131485,/partner/expReport.asp?ucode=CA000004&bgbn=A,0.7857142857142857,0.6327171091522489,0.7398151327456746
634,US000184,UNITED STATES,University of Akron,교환학생,교환대학,34.0,26.0,22.990320086479187,/partner/expReport.asp?ucode=US000184&bgbn=A,0.7647058823529411,0.6761858848964467,0.7381498831159927
333,RU000001,RUSSIAN FEDERATION,Far Eastern Federal University,교환학생,교환대학,16.0,13.0,9.027976751327515,/partner/expReport.asp?ucode=RU000001&bgbn=A,0.8125,0.5642485469579697,0.7380245640873908
490,US000030,UNITED STATES,CSU Sacramento,교환학생,교환대학,23.0,17.0,16.90411227941513,/partner/expReport.asp?ucode=US000030&bgbn=A,0.7391304347826086,0.7349614034528318,0.7378797253836755
580,US000135,UNITED STATES,Ohio State University,교환학생,교환대학,25.0,19.0,16.912310779094696,/partner/expReport.asp?ucode=US000135&bgbn=A,0.76,0.6764924311637879,0.7349477293491362
706,US000250,UNITED STATES,University of Washington,교환학생SAP(정규),교환대학,167.0,130.0,105.40676659345627,/partner/expReport.asp?ucode=US000250&bgbn=A,0.7784431137724551,0.6311782430745885,0.734263652563095
78,CN000003,CHINA,Fudan University,교환학생,교환대학,29.0,22.0,19.57393878698349,/partner/expReport.asp?ucode=CN000003&bgbn=A,0.7586206896551724,0.6749634064477066,0.7335235046929326
324,NO000002,NORWAY,Norwegian School of Economics,교환학생,교환대학,19.0,14.0,13.728765666484833,/partner/expReport.asp?ucode=NO000002&bgbn=A,0.7368421052631579,0.7225666140255175,0.7325594578918657
379,TW000002,TAIWAN,National Chengchi University,교환학생,교환대학,12.0,9.0,8.181061923503876,/partner/expReport.asp?ucode=TW000002&bgbn=A,0.75,0.6817551602919897,0.7295265480875968
335,RU000003,RUSSIAN FEDERATION,St. Petersburg State University,교환학생,교환대학,50.0,38.0,32.808491706848145,/partner/expReport.asp?ucode=RU000003&bgbn=A,0.76,0.6561698341369628,0.7288509502410887
622,US000279,UNITED STATES,Temple University,교환학생,교환대학,31.0,23.0,21.526893943548203,/partner/expReport.asp?ucode=US000279&bgbn=A,0.7419354838709677,0.6944159336628453,0.7276796188085309
24,AU000016,AUSTRALIA,"University of Technology, Sydney",교환학생,교환대학,47.0,35.0,31.786488473415375,/partner/expReport.asp?ucode=AU000016&bgbn=A,0.7446808510638298,0.6763082653918164,0.7241690753622256
441,US000005,UNITED STATES,Arizona State University,교환학생,교환대학,79.0,57.0,57.65453800559044,/partner/expReport.asp?ucode=US000005&bgbn=A,0.7215189873417721,0.7298042785517777,0.7240045747047738
576,US000131,UNITED STATES,Northern State University,교환학생,교환대학,23.0,17.0,15.763255000114441,/partner/expReport.asp?ucode=US000131&bgbn=A,0.7391304347826086,0.685358913048454,0.7229989782623621
641,US000191,UNITED STATES,University of California Los Angeles,교환학생SAP(계절),교환대학,279.0,205.0,193.17415535449982,/partner/expReport.asp?ucode=US000191&bgbn=A,0.7347670250896058,0.6923804851415764,0.722051063105197
216,IT000001,ITALY,Bocconi University,교환학생,교환대학,56.0,42.0,36.398143261671066,/partner/expReport.asp?ucode=IT000001&bgbn=A,0.75,0.6499668439584119,0.7199900531875234
638,US000188,UNITED STATES,University of California Berkeley,교환학생SAP(정규)SAP(계절),교환대학,393.0,298.0,244.5093618631363,/partner/expReport.asp?ucode=US000188&bgbn=A,0.7582697201017812,0.6221612261148506,0.7174371719057019
362,SE000013,SWEDEN,Linnaeus University,교환학생,교환대학,54.0,39.0,38.10643881559372,/partner/expReport.asp?ucode=SE000013&bgbn=A,0.7222222222222222,0.7056747928813651,0.7172579934199651
127,FR000005,FRANCE,Ecole Superieure du Commerce Exterieur (ESCE),교환학생,교환대학,52.0,38.0,35.64199975132942,/partner/expReport.asp?ucode=FR000005&bgbn=A,0.7307692307692307,0.6854230721409504,0.7171653831807466
232,JP000005,JAPAN,Doshisha University,,교환대학,30.0,22.0,20.334629833698273,/partner/expReport.asp?ucode=JP000005&bgbn=A,0.7333333333333333,0.677820994456609,0.716679631670316
338,SG000003,SINGAPORE,Singapore Management University,교환학생,교환대학,44.0,31.0,32.62673944234848,/partner/expReport.asp?ucode=SG000003&bgbn=A,0.7045454545454546,0.74151680550792,0.7156368598341941
306,NL000010,NETHERLANDS,Maastricht University,교환학생,교환대학,107.0,80.0,68.57026836276054,/partner/expReport.asp?ucode=NL000010&bgbn=A,0.7476635514018691,0.6408436295585097,0.7156175748488612
60,CA000013,CANADA,University of Manitoba,교환학생,교환대학,46.0,34.0,29.459994852542877,/partner/expReport.asp?ucode=CA000013&bgbn=A,0.7391304347826086,0.6404346707074539,0.7095217055600621
703,US000247,UNITED STATES,University of Utah,교환학생SAP(정규),교환대학ISEPSAF,38.0,28.0,24.530676037073135,/partner/expReport.asp?ucode=US000247&bgbn=A,0.7368421052631579,0.6455441062387667,0.7094527055558405
721,US000264,UNITED STATES,Washington University in St. Louis,교환학생,교환대학,25.0,18.0,16.989374071359634,/partner/expReport.asp?ucode=US000264&bgbn=A,0.72,0.6795749628543853,0.7078724888563156
685,US000143,UNITED STATES,University of Oregon,교환학생,교환대학,49.0,36.0,31.377559006214142,/partner/expReport.asp?ucode=US000143&bgbn=A,0.7346938775510204,0.6403583470655947,0.7063932184053926
602,US000041,UNITED STATES,San Jose State University,교환학생,교환대학ISEP,25.0,18.0,16.81703245639801,/partner/expReport.asp?ucode=US000041&bgbn=A,0.72,0.6726812982559204,0.7058043894767762
550,US000107,UNITED STATES,Michigan State University,교환학생,교환대학,54.0,39.0,35.950070440769196,/partner/expReport.asp?ucode=US000107&bgbn=A,0.7222222222222222,0.6657420451994296,0.7052781691153844
489,US000028,UNITED STATES,CSU Northridge,교환학생,교환대학,13.0,9.0,9.507431983947754,/partner/expReport.asp?ucode=US000028&bgbn=A,0.6923076923076923,0.731340921842135,0.704017661168025
133,FR000010,FRANCE,ISC PARIS - School of Management,교환학생,교환대학,69.0,50.0,44.98699629306793,/partner/expReport.asp?ucode=FR000010&bgbn=A,0.7246376811594203,0.6519854535227236,0.7028420128684112
39,BE000001,BELGIUM,Universite Catholique De Louvain,교환학생,교환대학,34.0,25.0,21.29681235551834,/partner/expReport.asp?ucode=BE000001&bgbn=A,0.7352941176470589,0.6263768339858335,0.7026189325486913
69,CA000020,CANADA,York University: Schulich School of Business,교환학생,,36.0,27.0,21.279434204101562,/partner/expReport.asp?ucode=CA000020&bgbn=A,0.75,0.5910953945583768,0.7023286183675129
336,SG000001,SINGAPORE,Nanyang Technological University,교환학생,교환대학,81.0,58.0,54.19172379374504,/partner/expReport.asp?ucode=SG000001&bgbn=A,0.7160493827160493,0.6690336270832721,0.7019446560262161
179,DE000016,GERMANY,Technische Universtat Munchen,교환학생,교환대학,47.0,32.0,35.0562487244606,/partner/expReport.asp?ucode=DE000016&bgbn=A,0.6808510638297872,0.745877632435332,0.7003590344114506
139,FR000011,FRANCE,Sciences-Po,교환학생,교환대학,68.0,47.0,48.964047968387604,/partner/expReport.asp?ucode=FR000011&bgbn=A,0.6911764705882353,0.7200595289468765,0.6998413880958276
618,US000171,UNITED STATES,Suffolk University - Sawyer School of Management,교환학생,교환대학,13.0,9.0,9.301319062709808,/partner/expReport.asp?ucode=US000171&bgbn=A,0.6923076923076923,0.7154860817469083,0.699261209139457
239,JP000011,JAPAN,Keio University,교환학생,교환대학,72.0,50.0,51.15078067779541,/partner/expReport.asp?ucode=JP000011&bgbn=A,0.6944444444444444,0.7104275094138252,0.6992393639352585
485,US000019,UNITED STATES,CSU Long Beach,교환학생,교환대학,83.0,59.0,55.6165811419487,/partner/expReport.asp?ucode=US000019&bgbn=A,0.7108433734939759,0.6700792908668518,0.6986141487058386
484,US000034,UNITED STATES,CSU Fullerton,교환학생,교환대학,22.0,15.0,16.18995040655136,/partner/expReport.asp?ucode=US000034&bgbn=A,0.6818181818181818,0.7359068366614255,0.6980447782711549
254,JP000023,JAPAN,Ritsumeikan Asia Pacific University,교환학생,교환대학,22.0,15.0,16.135943442583084,/partner/expReport.asp?ucode=JP000023&bgbn=A,0.6818181818181818,0.7334519746628675,0.6973083196715875
559,US000116,UNITED STATES,Montana State University,교환학생SAP(정규),교환대학ISEPSAF,31.0,21.0,23.00225454568863,/partner/expReport.asp?ucode=US000116&bgbn=A,0.6774193548387096,0.7420082111512462,0.6967960117324705
48,CA000002,CANADA,Brock University,교환학생,교환대학ISEP,26.0,18.0,18.371460527181625,/partner/expReport.asp?ucode=CA000002&bgbn=A,0.6923076923076923,0.7065946356608317,0.6965937753136341
241,JP000013,JAPAN,Kyoto University,교환학생,교환대학,32.0,23.0,20.564531564712524,/partner/expReport.asp?ucode=JP000013&bgbn=A,0.71875,0.6426416113972664,0.6959174834191798
53,CA000007,CANADA,Simon Fraser University,교환학생,교환대학,77.0,53.0,54.63703706860542,/partner/expReport.asp?ucode=CA000007&bgbn=A,0.6883116883116883,0.7095719099818886,0.6946897548127484
128,FR000001,FRANCE,ESC (Business School) Amiens,교환학생,교환대학ISEP,17.0,11.0,13.567399024963379,/partner/expReport.asp?ucode=FR000001&bgbn=A,0.6470588235294118,0.7980822955860811,0.6923658651464126
134,FR000002,FRANCE,KEDGE Business School,교환학생,교환대학,41.0,28.0,28.844930738210678,/partner/expReport.asp?ucode=FR000002&bgbn=A,0.6829268292682927,0.703534896053919,0.6891092493039805
240,JP000012,JAPAN,Kwansei Gakuin University,교환학생,교환대학,28.0,20.0,17.43430522084236,/partner/expReport.asp?ucode=JP000012&bgbn=A,0.7142857142857143,0.6226537578872272,0.6867961273661681
717,US000260,UNITED STATES,Washington and Jefferson College,교환학생,교환대학,12.0,8.0,8.782226026058197,/partner/expReport.asp?ucode=US000260&bgbn=A,0.6666666666666666,0.731852168838183,0.6862223173181216
165,DE000002,GERMANY,European Business School,교환학생,교환대학,40.0,26.0,30.45864772796631,/partner/expReport.asp?ucode=DE000002&bgbn=A,0.65,0.7614661931991578,0.6834398579597473
454,US000016,UNITED STATES,Brandeis University,교환학생,교환대학,12.0,9.0,6.261132717132568,/partner/expReport.asp?ucode=US000016&bgbn=A,0.75,0.5217610597610474,0.6815283179283141
640,US000190,UNITED STATES,University of California Irvine,교환학생,교환대학,315.0,213.0,216.17664149403572,/partner/expReport.asp?ucode=US000190&bgbn=A,0.6761904761904762,0.6862750523620181,0.6792158490419388
377,CH000002,SWITZERLAND,University of Zurich,교환학생,교환대학ISEP,15.0,10.0,10.60314130783081,/partner/expReport.asp?ucode=CH000002&bgbn=A,0.6666666666666666,0.7068760871887207,0.6787294928232829
47,CA000001,CANADA,Bishop's University,교환학생,교환대학,15.0,10.0,10.296897768974304,/partner/expReport.asp?ucode=CA000001&bgbn=A,0.6666666666666666,0.6864598512649536,0.6726046220461527
686,US000231,UNITED STATES,University of Pennsylvania,교환학생,교환대학,41.0,28.0,26.347421050071716,/partner/expReport.asp?ucode=US000231&bgbn=A,0.6829268292682927,0.6426200256115053,0.6708347881712564
346,ES000016,SPAIN,Universidad Carlos III de Madrid,교환학생,교환대학,20.0,13.0,14.185106933116913,/partner/expReport.asp?ucode=ES000016&bgbn=A,0.65,0.7092553466558457,0.6677766039967536
58,CA000012,CANADA,University of British Columbia,교환학생,교환대학,162.0,105.0,112.96686306595802,/partner/expReport.asp?ucode=CA000012&bgbn=A,0.6481481481481481,0.6973263152219631,0.6629015982702926
14,AU000007,AUSTRALIA,Monash University,교환학생,교환대학,42.0,27.0,28.953686773777008,/partner/expReport.asp?ucode=AU000007&bgbn=A,0.6428571428571429,0.6893734946137383,0.6568120483841215
356,ES000015,SPAIN,University of Navarra,교환학생,교환대학,15.0,10.0,9.440130829811096,/partner/expReport.asp?ucode=ES000015&bgbn=A,0.6666666666666666,0.6293420553207397,0.6554692832628886
584,US000140,UNITED STATES,Oregon State University,교환학생,교환대학,18.0,12.0,11.147726356983185,/partner/expReport.asp?ucode=US000140&bgbn=A,0.6666666666666666,0.6193181309435103,0.6524621059497198
175,DE000018,GERMANY,RWTH Aachen University,교환학생,교환대학,19.0,12.0,13.039522975683212,/partner/expReport.asp?ucode=DE000018&bgbn=A,0.631578947368421,0.6862906829306954,0.6479924680371033
243,JP000015,JAPAN,Meiji Gakuin University,교환학생,교환대학,21.0,13.0,14.950367510318756,/partner/expReport.asp?ucode=JP000015&bgbn=A,0.6190476190476191,0.7119222623961312,0.6469100120521727
185,CN000001,HONG KONG,Chinese University of Hong Kong,교환학생SAP(계절),교환대학,91.0,57.0,62.55257338285446,/partner/expReport.asp?ucode=CN000001&bgbn=A,0.6263736263736264,0.687390916295104,0.6446788133500696
730,US000272,UNITED STATES,Western Washington University,교환학생,교환대학ISEP,19.0,12.0,12.588630974292755,/partner/expReport.asp?ucode=US000272&bgbn=A,0.631578947368421,0.6625595249627766,0.6408731206467276
6,AU000019,AUSTRALIA,Australian National University,교환학생,교환대학,27.0,17.0,17.952731549739838,/partner/expReport.asp?ucode=AU000019&bgbn=A,0.6296296296296297,0.6649159833236977,0.6402155357378501
261,JP000030,JAPAN,Tokyo University of Foreign Studies,교환학생,교환대학,15.0,9.0,10.884862184524536,/partner/expReport.asp?ucode=JP000030&bgbn=A,0.6,0.7256574789683025,0.6376972436904907
386,TW000006,TAIWAN,TungHai University,교환학생,교환대학,14.0,9.0,8.623442590236664,/partner/expReport.asp?ucode=TW000006&bgbn=A,0.6428571428571429,0.6159601850169045,0.6347880555050713
12,AU000005,AUSTRALIA,La Trobe University,교환학생,교환대학ISEP,22.0,14.0,13.872904598712921,/partner/expReport.asp?ucode=AU000005&bgbn=A,0.6363636363636364,0.6305865726687692,0.6346305172551762
644,US000195,UNITED STATES,University of California San Diego,교환학생,교환대학,264.0,159.0,184.7764623761177,/partner/expReport.asp?ucode=US000195&bgbn=A,0.6022727272727273,0.6999108423337792,0.6315641617910428
229,JP000002,JAPAN,Aoyama Gakuin University,교환학생,교환대학,41.0,26.0,25.59910586476326,/partner/expReport.asp?ucode=JP000002&bgbn=A,0.6341463414634146,0.6243684357259331,0.6312129697421701
231,JP000004,JAPAN,Chuo University,교환학생,교환대학,28.0,17.0,19.023013651371002,/partner/expReport.asp?ucode=JP000004&bgbn=A,0.6071428571428571,0.6793933446918216,0.6288180034075463
188,CN000005,HONG KONG,Hong Kong University of Science of Technology,교환학생,교환대학,38.0,23.0,25.346331000328064,/partner/expReport.asp?ucode=CN000005&bgbn=A,0.6052631578947368,0.667008710534949,0.6237868236868005
646,US000193,UNITED STATES,University of California Santa Barbara,교환학생,교환대학,310.0,180.0,223.91704866290092,/partner/expReport.asp?ucode=US000193&bgbn=A,0.5806451612903226,0.7223130602029062,0.6231455309640976
186,CN000002,HONG KONG,City University of Hong Kong,교환학생,교환대학,34.0,20.0,23.730072408914566,/partner/expReport.asp?ucode=CN000002&bgbn=A,0.5882352941176471,0.697943306144546,0.6211476977257168
242,JP000014,JAPAN,Kyushu University,교환학생,교환대학,21.0,13.0,12.048218876123428,/partner/expReport.asp?ucode=JP000014&bgbn=A,0.6190476190476191,0.5737247083868299,0.6054507458493823
106,CZ000001,CZECH REPUBLIC,Charles University,교환학생,USAC,38.0,22.0,25.220507562160492,/partner/expReport.asp?ucode=CZ000001&bgbn=A,0.5789473684210527,0.6636975674252761,0.6043724281223196
581,US000136,UNITED STATES,Oklahoma State University,교환학생,교환대학,21.0,12.0,14.180872231721878,/partner/expReport.asp?ucode=US000136&bgbn=A,0.5714285714285714,0.6752796300819942,0.6025838890245983
173,DE000009,GERMANY,Pforzheim University,교환학생,교환대학,44.0,24.0,32.34236189723015,/partner/expReport.asp?ucode=DE000009&bgbn=A,0.5454545454545454,0.7350536794825033,0.6023342856629328
528,US000085,UNITED STATES,Indiana University Bloomington,교환학생방문학생SAP(정규),교환대학SAF,13.0,8.0,7.294690132141113,/partner/expReport.asp?ucode=US000085&bgbn=A,0.6153846153846154,0.561130010164701,0.5991082338186411
189,CN000016,HONG KONG,University of Hong Kong,교환학생,교환대학,70.0,41.0,43.059615552425385,/partner/expReport.asp?ucode=CN000016&bgbn=A,0.5857142857142857,0.6151373650346483,0.5945412095103945
647,US000194,UNITED STATES,University of California Santa Cruz,교환학생,교환대학,70.0,38.0,48.57572844624519,/partner/expReport.asp?ucode=US000194&bgbn=A,0.5428571428571428,0.6939389778035028,0.5881816933410507
319,NZ000003,NEW ZEALAND,University of Canterbury,교환학생SAP(정규),교환대학SAF,14.0,8.0,8.575547695159912,/partner/expReport.asp?ucode=NZ000003&bgbn=A,0.5714285714285714,0.6125391210828509,0.5837617363248553
85,CN000022,CHINA,Peking University,교환학생,교환대학,18.0,10.0,11.543988049030304,/partner/expReport.asp?ucode=CN000022&bgbn=A,0.5555555555555556,0.6413326693905724,0.5812886897060606
310,NL000002,NETHERLANDS,The Hague University of Applied Sciences,교환학생,교환대학,113.0,60.0,78.88162899017334,/partner/expReport.asp?ucode=NL000002&bgbn=A,0.5309734513274337,0.6980675131873747,0.581101669885416
344,ES000003,SPAIN,Public University of Navarre,교환학생,교환대학ISEP,30.0,16.0,20.760357677936554,/partner/expReport.asp?ucode=ES000003&bgbn=A,0.5333333333333333,0.6920119225978851,0.5809369101126989
643,US000192,UNITED STATES,University of California Riverside,교환학생,교환대학,64.0,32.0,44.73249241709709,/partner/expReport.asp?ucode=US000192&bgbn=A,0.5,0.6989451940171421,0.5596835582051426
220,IT000008,ITALY,Luiss Guido Carli,교환학생,교환대학,20.0,10.0,13.335462629795074,/partner/expReport.asp?ucode=IT000008&bgbn=A,0.5,0.6667731314897537,0.5500319394469261
334,RU000002,RUSSIAN FEDERATION,Moscow State University,교환학생,교환대학,29.0,14.0,19.249698668718338,/partner/expReport.asp?ucode=RU000002&bgbn=A,0.4827586206896552,0.6637827127144255,0.5370658482970863
164,DE000001,GERMANY,Eberhard Karls Universitat Tubingen,교환학생,교환대학,28.0,12.0,21.016637325286865,/partner/expReport.asp?ucode=DE000001&bgbn=A,0.42857142857142855,0.7505941901888166,0.525178257056645
187,CN000004,HONG KONG,Hong Kong Polytechnic University,교환학생,교환대학,53.0,23.0,36.354917734861374,/partner/expReport.asp?ucode=CN000004&bgbn=A,0.4339622641509434,0.6859418440539882,0.5095561381218568
300,NL000013,NETHERLANDS,Amsterdam University College,교환학생,,17.0,8.0,10.136701047420502,/partner/expReport.asp?ucode=NL000013&bgbn=A,0.47058823529411764,0.596276532201206,0.5082947243662441
172,DE000008,GERMANY,Ludwig-Maximilians-Universitat Munchen,교환학생,교환대학,31.0,13.0,21.730791747570038,/partner/expReport.asp?ucode=DE000008&bgbn=A,0.41935483870967744,0.7009932821796786,0.5038463717506777
